{"cameraMode":{"drawMode":0,"name":"Shaded","section":"Shading Mode"},"sceneLighting":true,"audioPlay":false,"sceneViewState":{"m_AlwaysRefresh":false,"showFog":true,"showSkybox":true,"showFlares":true,"showImageEffects":true,"showParticleSystems":true,"showVisualEffectGraphs":true,"m_FxEnabled":true},"in2DMode":false,"pivot":{"x":-0.013978734612464905,"y":6.052234649658203,"z":-9.065197944641114},"rotation":{"x":-0.14806734025478364,"y":-0.05130840465426445,"z":0.007692769169807434,"w":-0.9876490235328674},"size":0.17382082343101502,"orthographic":false}